,a,b,c,d,e,f,X,Y,Sum_Total,Sum_ml,slots_usage
0,0,0,8,0,2,16,328,104,26,432,3
1,0,0,8,0,6,7,328,104,21,432,3
2,0,0,8,1,2,7,328,104,18,432,4
3,0,0,12,0,1,24,420,156,37,576,4
4,0,0,12,0,5,15,420,156,32,576,3
5,0,0,12,0,5,24,564,156,41,720,4
6,0,0,12,0,9,6,420,156,27,576,3
7,0,0,12,0,9,15,564,156,36,720,3
8,0,0,12,0,13,6,564,156,31,720,3
9,0,0,12,1,1,15,420,156,29,576,4
10,0,0,12,1,5,6,420,156,24,576,4
11,0,0,12,1,5,15,564,156,33,720,4
12,0,0,12,1,9,6,564,156,28,720,4
13,0,0,12,2,1,6,420,156,21,576,4
14,0,0,12,2,1,15,564,156,30,720,4
15,0,0,12,2,5,6,564,156,25,720,4
16,0,0,12,3,1,6,564,156,22,720,4
17,0,0,16,0,0,32,512,208,48,720,3
18,0,0,16,0,0,41,656,208,57,864,4
19,0,0,16,0,4,23,512,208,43,720,4
20,0,0,16,0,4,32,656,208,52,864,4
21,0,0,16,0,8,14,512,208,38,720,3
22,0,0,16,0,8,23,656,208,47,864,4
23,0,0,16,0,8,32,800,208,56,1008,4
24,0,0,16,0,12,5,512,208,33,720,3
25,0,0,16,0,12,14,656,208,42,864,3
26,0,0,16,0,12,23,800,208,51,1008,4
27,0,0,16,0,16,5,656,208,37,864,3
28,0,0,16,0,16,14,800,208,46,1008,3
29,0,0,16,0,20,5,800,208,41,1008,4
30,0,0,16,1,0,23,512,208,40,720,4
31,0,0,16,1,0,32,656,208,49,864,4
32,0,0,16,1,4,14,512,208,35,720,4
33,0,0,16,1,8,5,512,208,30,720,4
34,0,0,16,1,8,14,656,208,39,864,4
35,0,0,16,1,12,5,656,208,34,864,4
36,0,0,16,1,12,14,800,208,43,1008,4
37,0,0,16,1,16,5,800,208,38,1008,4
38,0,0,16,2,0,14,512,208,32,720,3
39,0,0,16,2,0,23,656,208,41,864,4
40,0,0,16,2,0,32,800,208,50,1008,4
41,0,0,16,2,4,5,512,208,27,720,4
42,0,0,16,2,4,14,656,208,36,864,4
43,0,0,16,2,8,5,656,208,31,864,4
44,0,0,16,2,8,14,800,208,40,1008,4
45,0,0,16,2,12,5,800,208,35,1008,4
46,0,0,16,3,0,5,512,208,24,720,3
47,0,0,16,3,0,14,656,208,33,864,3
48,0,0,16,3,0,23,800,208,42,1008,4
49,0,0,16,3,4,5,656,208,28,864,4
50,0,0,16,3,4,14,800,208,37,1008,4
51,0,0,16,3,8,5,800,208,32,1008,4
52,0,0,16,4,0,5,656,208,25,864,3
53,0,0,16,4,0,14,800,208,34,1008,3
54,0,0,16,4,4,5,800,208,29,1008,4
55,0,0,16,5,0,5,800,208,26,1008,3
56,0,0,20,0,15,13,748,260,48,1008,4
57,0,0,32,6,0,10,1024,416,48,1440,4
58,0,0,32,7,0,1,1024,416,40,1440,4
59,0,0,32,7,0,10,1168,416,49,1584,4
60,0,0,32,8,0,1,1168,416,41,1584,4
61,0,0,32,8,0,10,1312,416,50,1728,4
62,0,0,32,9,0,1,1312,416,42,1728,4
63,0,0,32,9,0,10,1456,416,51,1872,4
64,0,0,32,10,0,1,1456,416,43,1872,4
65,0,0,32,10,0,10,1600,416,52,2016,4
66,0,0,32,11,0,1,1600,416,44,2016,4
67,0,1,5,0,0,21,336,96,27,432,4
68,0,1,5,0,4,12,336,96,22,432,4
69,0,1,5,0,8,3,336,96,17,432,4
70,0,1,5,1,0,12,336,96,19,432,4
71,0,1,5,2,0,3,336,96,11,432,4
72,0,1,9,0,7,11,428,148,28,576,4
73,0,1,9,0,11,2,428,148,23,576,4
74,0,1,9,0,11,11,572,148,32,720,4
75,0,1,9,0,15,2,572,148,27,720,4
76,0,1,13,0,10,10,520,200,34,720,4
77,0,1,13,0,14,1,520,200,29,720,4
78,0,1,13,0,14,10,664,200,38,864,4
79,0,2,2,0,6,8,344,88,18,432,4
80,0,2,6,0,5,16,436,140,29,576,4
81,0,2,6,0,9,7,436,140,24,576,4
82,0,2,10,0,8,15,528,192,35,720,4
83,0,2,10,0,12,6,528,192,30,720,4
84,0,2,10,0,12,15,672,192,39,864,4
85,0,2,10,0,16,6,672,192,34,864,4
86,0,2,10,2,0,15,528,192,29,720,4
87,0,2,10,3,0,6,528,192,21,720,4
88,0,2,10,3,0,15,672,192,30,864,4
89,0,2,10,4,0,6,672,192,22,864,4
90,0,2,14,0,11,14,620,244,41,864,4
91,0,2,14,0,15,5,620,244,36,864,4
92,0,2,14,0,15,14,764,244,45,1008,4
93,0,3,3,0,7,12,444,132,25,576,4
94,0,3,3,0,11,3,444,132,20,576,4
95,0,3,7,0,10,11,536,184,31,720,4
96,0,3,7,0,14,2,536,184,26,720,4
97,0,3,7,0,14,11,680,184,35,864,4
98,0,3,11,0,13,10,628,236,37,864,4
99,0,3,15,0,16,9,720,288,43,1008,4
100,0,3,15,0,20,0,720,288,38,1008,4
101,0,3,15,0,24,0,864,288,42,1152,4
102,0,3,15,0,28,0,1008,288,46,1296,4
103,0,3,15,0,32,0,1152,288,50,1440,4
104,0,3,15,1,16,0,720,288,35,1008,4
105,0,3,15,2,12,0,720,288,32,1008,4
106,0,3,15,2,16,0,864,288,36,1152,4
107,0,3,15,3,8,0,720,288,29,1008,4
108,0,3,15,3,12,0,864,288,33,1152,4
109,0,3,15,3,16,0,1008,288,37,1296,4
110,0,3,15,4,0,9,720,288,31,1008,4
111,0,3,15,4,4,0,720,288,26,1008,4
112,0,3,15,4,8,0,864,288,30,1152,4
113,0,3,15,4,12,0,1008,288,34,1296,4
114,0,3,15,4,16,0,1152,288,38,1440,4
115,0,3,15,5,0,0,720,288,23,1008,3
116,0,3,15,5,0,9,864,288,32,1152,4
117,0,3,15,5,4,0,864,288,27,1152,4
118,0,3,15,5,8,0,1008,288,31,1296,4
119,0,3,15,5,12,0,1152,288,35,1440,4
120,0,3,15,6,0,0,864,288,24,1152,3
121,0,3,15,6,0,9,1008,288,33,1296,4
122,0,3,15,6,4,0,1008,288,28,1296,4
123,0,3,15,6,8,0,1152,288,32,1440,4
124,0,3,15,7,0,0,1008,288,25,1296,3
125,0,3,15,7,0,9,1152,288,34,1440,4
126,0,3,15,7,4,0,1152,288,29,1440,4
127,0,3,15,8,0,0,1152,288,26,1440,3
128,0,4,0,0,1,17,308,124,22,432,4
129,0,4,0,0,1,26,452,124,31,576,4
130,0,4,0,0,5,8,308,124,17,432,3
131,0,4,0,0,5,17,452,124,26,576,4
132,0,4,0,0,9,8,452,124,21,576,3
133,0,4,0,1,1,8,308,124,14,432,4
134,0,4,0,1,5,8,452,124,18,576,4
135,0,4,0,2,1,8,452,124,15,576,4
136,0,4,4,0,8,16,544,176,32,720,4
137,0,4,4,0,12,7,544,176,27,720,4
138,0,4,4,0,12,16,688,176,36,864,4
139,0,4,4,0,16,7,688,176,31,864,4
140,0,4,4,2,0,16,544,176,26,720,4
141,0,4,4,3,0,7,544,176,18,720,4
142,0,4,4,3,0,16,688,176,27,864,4
143,0,4,4,4,0,7,688,176,19,864,4
144,0,4,8,0,11,15,636,228,38,864,4
145,0,4,8,0,15,6,636,228,33,864,4
146,0,4,8,0,15,15,780,228,42,1008,4
147,0,4,12,0,14,14,728,280,44,1008,4
148,0,5,1,0,6,12,408,168,24,576,4
149,0,5,1,0,10,3,408,168,19,576,4
150,0,5,1,0,10,12,552,168,28,720,4
151,0,5,1,0,14,3,552,168,23,720,4
152,0,5,5,0,13,11,644,220,34,864,4
153,0,5,9,0,16,10,736,272,40,1008,4
154,0,5,9,4,0,10,736,272,28,1008,4
155,0,5,9,5,0,1,736,272,20,1008,4
156,0,5,9,5,0,10,880,272,29,1152,4
157,0,5,9,6,0,1,880,272,21,1152,4
158,0,5,9,6,0,10,1024,272,30,1296,4
159,0,5,9,7,0,1,1024,272,22,1296,4
160,0,5,13,0,23,0,828,324,41,1152,4
161,0,5,13,0,27,0,972,324,45,1296,4
162,0,5,13,0,31,0,1116,324,49,1440,4
163,0,5,13,2,15,0,828,324,35,1152,4
164,0,5,13,3,11,0,828,324,32,1152,4
165,0,5,13,3,15,0,972,324,36,1296,4
166,0,5,13,4,7,0,828,324,29,1152,4
167,0,5,13,4,11,0,972,324,33,1296,4
168,0,5,13,4,15,0,1116,324,37,1440,4
169,0,5,13,5,3,0,828,324,26,1152,4
170,0,5,13,5,7,0,972,324,30,1296,4
171,0,5,13,5,11,0,1116,324,34,1440,4
172,0,5,13,5,15,0,1260,324,38,1584,4
173,0,5,13,6,3,0,972,324,27,1296,4
174,0,5,13,6,7,0,1116,324,31,1440,4
175,0,5,13,6,11,0,1260,324,35,1584,4
176,0,5,13,7,3,0,1116,324,28,1440,4
177,0,5,13,7,7,0,1260,324,32,1584,4
178,0,5,13,8,3,0,1260,324,29,1584,4
179,0,6,2,0,7,16,508,212,31,720,4
180,0,6,2,0,11,7,508,212,26,720,4
181,0,6,2,0,11,16,652,212,35,864,4
182,0,6,2,0,15,7,652,212,30,864,4
183,0,6,2,0,15,16,796,212,39,1008,4
184,0,6,6,0,14,15,744,264,41,1008,4
185,0,6,14,5,0,13,928,368,38,1296,4
186,0,6,14,6,0,4,928,368,30,1296,4
187,0,6,14,6,0,13,1072,368,39,1440,4
188,0,6,14,7,0,4,1072,368,31,1440,4
189,0,6,14,7,0,13,1216,368,40,1584,4
190,0,6,14,8,0,4,1216,368,32,1584,4
191,0,6,14,8,0,13,1360,368,41,1728,4
192,0,6,14,9,0,4,1360,368,33,1728,4
193,0,6,30,10,0,0,1440,576,46,2016,4
194,0,6,30,11,0,0,1584,576,47,2160,4
195,0,6,30,12,0,0,1728,576,48,2304,4
196,0,6,30,13,0,0,1872,576,49,2448,4
197,0,6,30,14,0,0,2016,576,50,2592,4
198,0,6,30,15,0,0,2160,576,51,2736,4
199,0,6,30,16,0,0,2304,576,52,2880,4
200,0,7,3,0,12,11,608,256,33,864,4
201,0,7,3,0,16,2,608,256,28,864,4
202,0,7,3,0,16,11,752,256,37,1008,4
203,0,7,3,3,0,11,608,256,24,864,4
204,0,7,3,4,0,2,608,256,16,864,4
205,0,7,3,4,0,11,752,256,25,1008,4
206,0,7,3,5,0,2,752,256,17,1008,4
207,0,7,3,5,0,11,896,256,26,1152,4
208,0,7,3,6,0,2,896,256,18,1152,4
209,0,7,11,0,26,0,936,360,44,1296,4
210,0,7,11,0,30,0,1080,360,48,1440,4
211,0,7,11,3,14,0,936,360,35,1296,4
212,0,7,11,4,10,0,936,360,32,1296,4
213,0,7,11,4,14,0,1080,360,36,1440,4
214,0,7,11,5,6,0,936,360,29,1296,4
215,0,7,11,5,10,0,1080,360,33,1440,4
216,0,7,11,5,14,0,1224,360,37,1584,4
217,0,7,11,6,2,0,936,360,26,1296,4
218,0,7,11,6,6,0,1080,360,30,1440,4
219,0,7,11,6,10,0,1224,360,34,1584,4
220,0,7,11,6,14,0,1368,360,38,1728,4
221,0,7,11,7,2,0,1080,360,27,1440,4
222,0,7,11,7,6,0,1224,360,31,1584,4
223,0,7,11,7,10,0,1368,360,35,1728,4
224,0,7,11,8,2,0,1224,360,28,1584,4
225,0,7,11,8,6,0,1368,360,32,1728,4
226,0,7,11,9,2,0,1368,360,29,1728,4
227,0,8,0,0,6,25,616,248,39,864,4
228,0,8,0,0,10,16,616,248,34,864,3
229,0,8,0,0,10,25,760,248,43,1008,4
230,0,8,0,0,14,7,616,248,29,864,3
231,0,8,0,0,14,16,760,248,38,1008,3
232,0,8,0,0,14,25,904,248,47,1152,4
233,0,8,0,0,18,7,760,248,33,1008,4
234,0,8,0,0,18,16,904,248,42,1152,4
235,0,8,0,0,22,7,904,248,37,1152,4
236,0,8,0,1,6,16,616,248,31,864,4
237,0,8,0,1,10,7,616,248,26,864,4
238,0,8,0,1,10,16,760,248,35,1008,4
239,0,8,0,1,14,7,760,248,30,1008,4
240,0,8,0,1,14,16,904,248,39,1152,4
241,0,8,0,2,2,16,616,248,28,864,4
242,0,8,0,2,6,7,616,248,23,864,4
243,0,8,0,2,6,16,760,248,32,1008,4
244,0,8,0,2,10,7,760,248,27,1008,4
245,0,8,0,2,10,16,904,248,36,1152,4
246,0,8,0,2,14,7,904,248,31,1152,4
247,0,8,0,3,2,7,616,248,20,864,4
248,0,8,0,3,2,16,760,248,29,1008,4
249,0,8,0,3,6,7,760,248,24,1008,4
250,0,8,0,3,6,16,904,248,33,1152,4
251,0,8,0,3,10,7,904,248,28,1152,4
252,0,8,0,4,2,7,760,248,21,1008,4
253,0,8,0,4,2,16,904,248,30,1152,4
254,0,8,0,4,6,7,904,248,25,1152,4
255,0,8,0,5,2,7,904,248,22,1152,4
256,0,8,4,0,13,15,708,300,40,1008,4
257,0,8,8,5,0,14,944,352,35,1296,4
258,0,8,8,6,0,5,944,352,27,1296,4
259,0,8,8,6,0,14,1088,352,36,1440,4
260,0,8,8,7,0,5,1088,352,28,1440,4
261,0,8,8,7,0,14,1232,352,37,1584,4
262,0,8,8,8,0,5,1232,352,29,1584,4
263,0,8,8,8,0,14,1376,352,38,1728,4
264,0,8,8,9,0,5,1376,352,30,1728,4
265,0,9,1,0,15,11,716,292,36,1008,4
266,0,9,9,0,29,0,1044,396,47,1440,4
267,0,9,9,4,13,0,1044,396,35,1440,4
268,0,9,9,5,9,0,1044,396,32,1440,4
269,0,9,9,5,13,0,1188,396,36,1584,4
270,0,9,9,6,5,0,1044,396,29,1440,4
271,0,9,9,6,9,0,1188,396,33,1584,4
272,0,9,9,6,13,0,1332,396,37,1728,4
273,0,9,9,7,1,0,1044,396,26,1440,4
274,0,9,9,7,5,0,1188,396,30,1584,4
275,0,9,9,7,9,0,1332,396,34,1728,4
276,0,9,9,7,13,0,1476,396,38,1872,4
277,0,9,9,8,1,0,1188,396,27,1584,4
278,0,9,9,8,5,0,1332,396,31,1728,4
279,0,9,9,8,9,0,1476,396,35,1872,4
280,0,9,9,9,1,0,1332,396,28,1728,4
281,0,9,9,9,5,0,1476,396,32,1872,4
282,0,9,9,10,1,0,1476,396,29,1872,4
283,0,9,13,7,0,8,1136,448,37,1584,4
284,0,9,13,8,0,8,1280,448,38,1728,4
285,0,9,13,9,0,8,1424,448,39,1872,4
286,0,9,13,10,0,8,1568,448,40,2016,4
287,0,9,13,11,0,8,1712,448,41,2160,4
288,0,10,2,0,16,15,816,336,43,1152,4
289,0,10,2,4,0,15,816,336,31,1152,4
290,0,10,2,5,0,6,816,336,23,1152,4
291,0,10,2,5,0,15,960,336,32,1296,4
292,0,10,2,6,0,6,960,336,24,1296,4
293,0,10,2,6,0,15,1104,336,33,1440,4
294,0,10,2,7,0,6,1104,336,25,1440,4
295,0,10,2,7,0,15,1248,336,34,1584,4
296,0,10,2,8,0,6,1248,336,26,1584,4
297,0,11,7,0,32,0,1152,432,50,1584,4
298,0,11,7,4,16,0,1152,432,38,1584,4
299,0,11,7,5,12,0,1152,432,35,1584,4
300,0,11,7,5,16,0,1296,432,39,1728,4
301,0,11,7,6,8,0,1152,432,32,1584,4
302,0,11,7,6,12,0,1296,432,36,1728,4
303,0,11,7,6,16,0,1440,432,40,1872,4
304,0,11,7,7,0,9,1152,432,34,1584,4
305,0,11,7,7,4,0,1152,432,29,1584,4
306,0,11,7,7,8,0,1296,432,33,1728,4
307,0,11,7,7,12,0,1440,432,37,1872,4
308,0,11,7,7,16,0,1584,432,41,2016,4
309,0,11,7,8,0,0,1152,432,26,1584,3
310,0,11,7,8,0,9,1296,432,35,1728,4
311,0,11,7,8,4,0,1296,432,30,1728,4
312,0,11,7,8,8,0,1440,432,34,1872,4
313,0,11,7,8,12,0,1584,432,38,2016,4
314,0,11,7,8,16,0,1728,432,42,2160,4
315,0,11,7,9,0,0,1296,432,27,1728,3
316,0,11,7,9,0,9,1440,432,36,1872,4
317,0,11,7,9,4,0,1440,432,31,1872,4
318,0,11,7,9,8,0,1584,432,35,2016,4
319,0,11,7,9,12,0,1728,432,39,2160,4
320,0,11,7,10,0,0,1440,432,28,1872,3
321,0,11,7,10,0,9,1584,432,37,2016,4
322,0,11,7,10,4,0,1584,432,32,2016,4
323,0,11,7,10,8,0,1728,432,36,2160,4
324,0,11,7,11,0,0,1584,432,29,2016,3
325,0,11,7,11,0,9,1728,432,38,2160,4
326,0,11,7,11,4,0,1728,432,33,2160,4
327,0,11,7,12,0,0,1728,432,30,2160,3
328,0,12,0,0,15,24,924,372,51,1296,4
329,0,12,0,0,19,15,924,372,46,1296,4
330,0,12,0,0,23,6,924,372,41,1296,4
331,0,12,0,0,23,15,1068,372,50,1440,4
332,0,12,0,0,27,6,1068,372,45,1440,4
333,0,12,0,0,27,15,1212,372,54,1584,4
334,0,12,0,0,31,6,1212,372,49,1584,4
335,0,12,0,0,31,15,1356,372,58,1728,4
336,0,12,0,1,15,15,924,372,43,1296,4
337,0,12,0,2,11,15,924,372,40,1296,4
338,0,12,0,2,15,6,924,372,35,1296,4
339,0,12,0,2,15,15,1068,372,44,1440,4
340,0,12,0,3,7,15,924,372,37,1296,4
341,0,12,0,3,11,6,924,372,32,1296,4
342,0,12,0,3,11,15,1068,372,41,1440,4
343,0,12,0,3,15,6,1068,372,36,1440,4
344,0,12,0,3,15,15,1212,372,45,1584,4
345,0,12,0,4,3,15,924,372,34,1296,4
346,0,12,0,4,7,6,924,372,29,1296,4
347,0,12,0,4,7,15,1068,372,38,1440,4
348,0,12,0,4,11,6,1068,372,33,1440,4
349,0,12,0,4,11,15,1212,372,42,1584,4
350,0,12,0,4,15,6,1212,372,37,1584,4
351,0,12,0,4,15,15,1356,372,46,1728,4
352,0,12,0,5,3,6,924,372,26,1296,4
353,0,12,0,5,3,15,1068,372,35,1440,4
354,0,12,0,5,7,6,1068,372,30,1440,4
355,0,12,0,5,7,15,1212,372,39,1584,4
356,0,12,0,5,11,6,1212,372,34,1584,4
357,0,12,0,5,11,15,1356,372,43,1728,4
358,0,12,0,5,15,6,1356,372,38,1728,4
359,0,12,0,6,3,6,1068,372,27,1440,4
360,0,12,0,6,3,15,1212,372,36,1584,4
361,0,12,0,6,7,6,1212,372,31,1584,4
362,0,12,0,6,7,15,1356,372,40,1728,4
363,0,12,0,6,11,6,1356,372,35,1728,4
364,0,12,0,7,3,6,1212,372,28,1584,4
365,0,12,0,7,3,15,1356,372,37,1728,4
366,0,12,0,7,7,6,1356,372,32,1728,4
367,0,12,0,8,3,6,1356,372,29,1728,4
368,0,12,12,8,0,12,1344,528,44,1872,4
369,0,12,12,9,0,3,1344,528,36,1872,4
370,0,12,12,9,0,12,1488,528,45,2016,4
371,0,12,12,10,0,3,1488,528,37,2016,4
372,0,12,12,10,0,12,1632,528,46,2160,4
373,0,12,12,11,0,3,1632,528,38,2160,4
374,0,12,12,11,0,12,1776,528,47,2304,4
375,0,12,12,12,0,3,1776,528,39,2304,4
376,0,12,12,12,0,12,1920,528,48,2448,4
377,0,12,12,13,0,3,1920,528,40,2448,4
378,0,12,12,13,0,12,2064,528,49,2592,4
379,0,12,12,14,0,3,2064,528,41,2592,4
380,0,13,1,6,0,10,1024,416,30,1440,4
381,0,13,1,7,0,1,1024,416,22,1440,4
382,0,13,1,7,0,10,1168,416,31,1584,4
383,0,13,1,8,0,1,1168,416,23,1584,4
384,0,13,1,8,0,10,1312,416,32,1728,4
385,0,13,1,9,0,1,1312,416,24,1728,4
386,0,13,1,9,0,10,1456,416,33,1872,4
387,0,13,1,10,0,1,1456,416,25,1872,4
388,0,13,1,10,0,10,1600,416,34,2016,4
389,0,13,1,11,0,1,1600,416,26,2016,4
390,0,13,5,0,31,0,1116,468,49,1584,4
391,0,13,5,4,15,0,1116,468,37,1584,4
392,0,13,5,5,11,0,1116,468,34,1584,4
393,0,13,5,5,15,0,1260,468,38,1728,4
394,0,13,5,6,7,0,1116,468,31,1584,4
395,0,13,5,6,11,0,1260,468,35,1728,4
396,0,13,5,6,15,0,1404,468,39,1872,4
397,0,13,5,7,3,0,1116,468,28,1584,4
398,0,13,5,7,7,0,1260,468,32,1728,4
399,0,13,5,7,11,0,1404,468,36,1872,4
400,0,13,5,7,15,0,1548,468,40,2016,4
401,0,13,5,8,3,0,1260,468,29,1728,4
402,0,13,5,8,7,0,1404,468,33,1872,4
403,0,13,5,8,11,0,1548,468,37,2016,4
404,0,13,5,8,15,0,1692,468,41,2160,4
405,0,13,5,9,3,0,1404,468,30,1872,4
406,0,13,5,9,7,0,1548,468,34,2016,4
407,0,13,5,9,11,0,1692,468,38,2160,4
408,0,13,5,9,15,0,1836,468,42,2304,4
409,0,13,5,10,3,0,1548,468,31,2016,4
410,0,13,5,10,7,0,1692,468,35,2160,4
411,0,13,5,10,11,0,1836,468,39,2304,4
412,0,13,5,11,3,0,1692,468,32,2160,4
413,0,13,5,11,7,0,1836,468,36,2304,4
414,0,13,5,12,3,0,1836,468,33,2304,4
415,0,14,6,7,0,13,1216,512,40,1728,4
416,0,14,6,8,0,4,1216,512,32,1728,4
417,0,14,6,8,0,13,1360,512,41,1872,4
418,0,14,6,9,0,4,1360,512,33,1872,4
419,0,14,6,9,0,13,1504,512,42,2016,4
420,0,14,6,10,0,4,1504,512,34,2016,4
421,0,14,6,10,0,13,1648,512,43,2160,4
422,0,14,6,11,0,4,1648,512,35,2160,4
423,0,14,6,11,0,13,1792,512,44,2304,4
424,0,14,6,12,0,4,1792,512,36,2304,4
425,0,14,6,12,0,13,1936,512,45,2448,4
426,0,14,6,13,0,4,1936,512,37,2448,4
427,0,14,22,12,0,0,1728,720,48,2448,4
428,0,14,22,13,0,0,1872,720,49,2592,4
429,0,14,22,14,0,0,2016,720,50,2736,4
430,0,14,22,15,0,0,2160,720,51,2880,4
431,0,14,22,16,0,0,2304,720,52,3024,4
432,0,15,3,5,14,0,1224,504,37,1728,4
433,0,15,3,6,10,0,1224,504,34,1728,4
434,0,15,3,6,14,0,1368,504,38,1872,4
435,0,15,3,7,6,0,1224,504,31,1728,4
436,0,15,3,7,10,0,1368,504,35,1872,4
437,0,15,3,7,14,0,1512,504,39,2016,4
438,0,15,3,8,2,0,1224,504,28,1728,4
439,0,15,3,8,6,0,1368,504,32,1872,4
440,0,15,3,8,10,0,1512,504,36,2016,4
441,0,15,3,8,14,0,1656,504,40,2160,4
442,0,15,3,9,2,0,1368,504,29,1872,4
443,0,15,3,9,6,0,1512,504,33,2016,4
444,0,15,3,9,10,0,1656,504,37,2160,4
445,0,15,3,9,14,0,1800,504,41,2304,4
446,0,15,3,10,2,0,1512,504,30,2016,4
447,0,15,3,10,6,0,1656,504,34,2160,4
448,0,15,3,10,10,0,1800,504,38,2304,4
449,0,15,3,10,14,0,1944,504,42,2448,4
450,0,15,3,11,2,0,1656,504,31,2160,4
451,0,15,3,11,6,0,1800,504,35,2304,4
452,0,15,3,11,10,0,1944,504,39,2448,4
453,0,15,3,12,2,0,1800,504,32,2304,4
454,0,15,3,12,6,0,1944,504,36,2448,4
455,0,15,3,13,2,0,1944,504,33,2448,4
456,0,15,11,9,0,16,1552,608,51,2160,4
457,0,15,11,10,0,7,1552,608,43,2160,4
458,0,15,11,10,0,16,1696,608,52,2304,4
459,0,15,11,11,0,7,1696,608,44,2304,4
460,0,15,11,11,0,16,1840,608,53,2448,4
461,0,15,11,12,0,7,1840,608,45,2448,4
462,0,15,11,12,0,16,1984,608,54,2592,4
463,0,15,11,13,0,7,1984,608,46,2592,4
464,0,15,11,13,0,16,2128,608,55,2736,4
465,0,15,11,14,0,7,2128,608,47,2736,4
466,0,15,11,14,0,16,2272,608,56,2880,4
467,0,15,11,15,0,7,2272,608,48,2880,4
468,0,15,11,15,0,16,2416,608,57,3024,4
469,0,15,11,16,0,7,2416,608,49,3024,4
470,0,16,0,0,28,14,1232,496,58,1728,4
471,0,16,0,0,32,5,1232,496,53,1728,4
472,0,16,0,0,32,14,1376,496,62,1872,4
473,0,16,0,3,16,14,1232,496,49,1728,4
474,0,16,0,4,12,14,1232,496,46,1728,4
475,0,16,0,4,16,5,1232,496,41,1728,4
476,0,16,0,4,16,14,1376,496,50,1872,4
477,0,16,0,5,0,32,1232,496,53,1728,4
478,0,16,0,5,8,14,1232,496,43,1728,4
479,0,16,0,5,12,5,1232,496,38,1728,4
480,0,16,0,5,12,14,1376,496,47,1872,4
481,0,16,0,5,16,5,1376,496,42,1872,4
482,0,16,0,5,16,14,1520,496,51,2016,4
483,0,16,0,6,0,23,1232,496,45,1728,4
484,0,16,0,6,0,32,1376,496,54,1872,4
485,0,16,0,6,4,14,1232,496,40,1728,4
486,0,16,0,6,8,5,1232,496,35,1728,4
487,0,16,0,6,8,14,1376,496,44,1872,4
488,0,16,0,6,12,5,1376,496,39,1872,4
489,0,16,0,6,12,14,1520,496,48,2016,4
490,0,16,0,6,16,5,1520,496,43,2016,4
491,0,16,0,6,16,14,1664,496,52,2160,4
492,0,16,0,7,0,14,1232,496,37,1728,3
493,0,16,0,7,0,23,1376,496,46,1872,4
494,0,16,0,7,0,32,1520,496,55,2016,4
495,0,16,0,7,4,5,1232,496,32,1728,4
496,0,16,0,7,4,14,1376,496,41,1872,4
497,0,16,0,7,8,5,1376,496,36,1872,4
498,0,16,0,7,8,14,1520,496,45,2016,4
499,0,16,0,7,12,5,1520,496,40,2016,4
500,0,16,0,7,12,14,1664,496,49,2160,4
501,0,16,0,7,16,5,1664,496,44,2160,4
502,0,16,0,7,16,14,1808,496,53,2304,4
503,0,16,0,8,0,5,1232,496,29,1728,3
504,0,16,0,8,0,14,1376,496,38,1872,3
505,0,16,0,8,0,23,1520,496,47,2016,4
506,0,16,0,8,0,32,1664,496,56,2160,4
507,0,16,0,8,4,5,1376,496,33,1872,4
508,0,16,0,8,4,14,1520,496,42,2016,4
509,0,16,0,8,8,5,1520,496,37,2016,4
510,0,16,0,8,8,14,1664,496,46,2160,4
511,0,16,0,8,12,5,1664,496,41,2160,4
512,0,16,0,8,12,14,1808,496,50,2304,4
513,0,16,0,8,16,5,1808,496,45,2304,4
514,0,16,0,8,16,14,1952,496,54,2448,4
515,0,16,0,9,0,5,1376,496,30,1872,3
516,0,16,0,9,0,14,1520,496,39,2016,3
517,0,16,0,9,0,23,1664,496,48,2160,4
518,0,16,0,9,0,32,1808,496,57,2304,4
519,0,16,0,9,4,5,1520,496,34,2016,4
520,0,16,0,9,4,14,1664,496,43,2160,4
521,0,16,0,9,8,5,1664,496,38,2160,4
522,0,16,0,9,8,14,1808,496,47,2304,4
523,0,16,0,9,12,5,1808,496,42,2304,4
524,0,16,0,9,12,14,1952,496,51,2448,4
525,0,16,0,9,16,5,1952,496,46,2448,4
526,0,16,0,10,0,5,1520,496,31,2016,3
527,0,16,0,10,0,14,1664,496,40,2160,3
528,0,16,0,10,0,23,1808,496,49,2304,4
529,0,16,0,10,0,32,1952,496,58,2448,4
530,0,16,0,10,4,5,1664,496,35,2160,4
531,0,16,0,10,4,14,1808,496,44,2304,4
532,0,16,0,10,8,5,1808,496,39,2304,4
533,0,16,0,10,8,14,1952,496,48,2448,4
534,0,16,0,10,12,5,1952,496,43,2448,4
535,0,16,0,11,0,5,1664,496,32,2160,3
536,0,16,0,11,0,14,1808,496,41,2304,3
537,0,16,0,11,0,23,1952,496,50,2448,4
538,0,16,0,11,4,5,1808,496,36,2304,4
539,0,16,0,11,4,14,1952,496,45,2448,4
540,0,16,0,11,8,5,1952,496,40,2448,4
541,0,16,0,12,0,5,1808,496,33,2304,3
542,0,16,0,12,0,14,1952,496,42,2448,3
543,0,16,0,12,4,5,1952,496,37,2448,4
544,0,16,0,13,0,5,1952,496,34,2448,3
545,0,16,16,11,0,10,1744,704,53,2448,4
546,0,16,16,12,0,1,1744,704,45,2448,4
547,0,16,16,12,0,10,1888,704,54,2592,4
548,0,16,16,13,0,1,1888,704,46,2592,4
549,0,16,16,13,0,10,2032,704,55,2736,4
550,0,16,16,14,0,1,2032,704,47,2736,4
551,0,16,16,14,0,10,2176,704,56,2880,4
552,0,16,16,15,0,1,2176,704,48,2880,4
553,0,16,16,15,0,10,2320,704,57,3024,4
554,0,16,16,16,0,1,2320,704,49,3024,4
555,0,22,14,15,0,0,2160,864,51,3024,4
556,1,0,3,0,6,12,408,168,22,576,4
557,1,0,3,0,10,3,408,168,17,576,4
558,1,0,3,0,10,12,552,168,26,720,4
559,1,0,3,0,14,3,552,168,21,720,4
560,1,0,7,0,13,11,644,220,32,864,4
561,1,0,11,0,16,10,736,272,38,1008,4
562,1,0,11,4,0,10,736,272,26,1008,4
563,1,0,11,5,0,1,736,272,18,1008,4
564,1,0,11,5,0,10,880,272,27,1152,4
565,1,0,11,6,0,1,880,272,19,1152,4
566,1,0,11,6,0,10,1024,272,28,1296,4
567,1,0,11,7,0,1,1024,272,20,1296,4
568,1,0,15,0,23,0,828,324,39,1152,4
569,1,0,15,0,27,0,972,324,43,1296,4
570,1,0,15,0,31,0,1116,324,47,1440,4
571,1,0,15,2,15,0,828,324,33,1152,4
572,1,0,15,3,11,0,828,324,30,1152,4
573,1,0,15,3,15,0,972,324,34,1296,4
574,1,0,15,4,7,0,828,324,27,1152,4
575,1,0,15,4,11,0,972,324,31,1296,4
576,1,0,15,4,15,0,1116,324,35,1440,4
577,1,0,15,5,3,0,828,324,24,1152,4
578,1,0,15,5,7,0,972,324,28,1296,4
579,1,0,15,5,11,0,1116,324,32,1440,4
580,1,0,15,5,15,0,1260,324,36,1584,4
581,1,0,15,6,3,0,972,324,25,1296,4
582,1,0,15,6,7,0,1116,324,29,1440,4
583,1,0,15,6,11,0,1260,324,33,1584,4
584,1,0,15,7,3,0,1116,324,26,1440,4
585,1,0,15,7,7,0,1260,324,30,1584,4
586,1,0,15,8,3,0,1260,324,27,1584,4
587,1,1,0,0,0,26,416,160,28,576,4
588,1,1,0,0,8,8,416,160,18,576,4
589,1,1,0,0,12,8,560,160,22,720,4
590,1,1,0,2,0,8,416,160,12,576,4
591,1,1,0,3,0,8,560,160,13,720,4
592,1,5,0,0,13,16,724,284,35,1008,4
593,1,6,9,8,0,0,1152,432,24,1584,4
594,1,6,9,9,0,0,1296,432,25,1728,4
595,1,6,9,10,0,0,1440,432,26,1872,4
596,1,6,9,11,0,0,1584,432,27,2016,4
597,1,6,9,12,0,0,1728,432,28,2160,4
598,1,14,1,10,0,0,1440,576,26,2016,4
599,1,14,1,11,0,0,1584,576,27,2160,4
600,1,14,1,12,0,0,1728,576,28,2304,4
601,1,14,1,13,0,0,1872,576,29,2448,4
602,1,14,1,14,0,0,2016,576,30,2592,4
603,1,14,1,15,0,0,2160,576,31,2736,4
604,1,14,1,16,0,0,2304,576,32,2880,4
605,2,0,2,0,13,16,724,284,33,1008,4
606,2,0,6,0,16,15,816,336,39,1152,4
607,2,0,6,4,0,15,816,336,27,1152,4
608,2,0,6,5,0,6,816,336,19,1152,4
609,2,0,6,5,0,15,960,336,28,1296,4
610,2,0,6,6,0,6,960,336,20,1296,4
611,2,0,6,6,0,15,1104,336,29,1440,4
612,2,0,6,7,0,6,1104,336,21,1440,4
613,2,0,6,7,0,15,1248,336,30,1584,4
614,2,0,6,8,0,6,1248,336,22,1584,4
615,2,1,11,8,0,0,1152,432,22,1584,4
616,2,1,11,9,0,0,1296,432,23,1728,4
617,2,1,11,10,0,0,1440,432,24,1872,4
618,2,1,11,11,0,0,1584,432,25,2016,4
619,2,1,11,12,0,0,1728,432,26,2160,4
620,2,2,0,0,16,16,832,320,36,1152,4
621,2,2,0,4,0,16,832,320,24,1152,4
622,2,2,0,5,0,7,832,320,16,1152,4
623,2,2,0,5,0,16,976,320,25,1296,4
624,2,2,0,6,0,7,976,320,17,1296,4
625,2,2,0,6,0,16,1120,320,26,1440,4
626,2,2,0,7,0,7,1120,320,18,1440,4
627,2,2,0,7,0,16,1264,320,27,1584,4
628,2,2,0,8,0,7,1264,320,19,1584,4
629,2,9,3,10,0,0,1440,576,24,2016,4
630,2,9,3,11,0,0,1584,576,25,2160,4
631,2,9,3,12,0,0,1728,576,26,2304,4
632,2,9,3,13,0,0,1872,576,27,2448,4
633,2,9,3,14,0,0,2016,576,28,2592,4
634,2,9,3,15,0,0,2160,576,29,2736,4
635,2,9,3,16,0,0,2304,576,30,2880,4
636,3,0,1,6,0,11,1040,400,21,1440,4
637,3,0,1,7,0,2,1040,400,13,1440,4
638,3,0,1,7,0,11,1184,400,22,1584,4
639,3,0,1,8,0,2,1184,400,14,1584,4
640,3,0,1,8,0,11,1328,400,23,1728,4
641,3,0,1,9,0,2,1328,400,15,1728,4
642,3,0,1,9,0,11,1472,400,24,1872,4
643,3,0,1,10,0,2,1472,400,16,1872,4
644,3,0,9,5,14,0,1224,504,31,1728,4
645,3,0,9,6,10,0,1224,504,28,1728,4
646,3,0,9,6,14,0,1368,504,32,1872,4
647,3,0,9,7,6,0,1224,504,25,1728,4
648,3,0,9,7,10,0,1368,504,29,1872,4
649,3,0,9,7,14,0,1512,504,33,2016,4
650,3,0,9,8,2,0,1224,504,22,1728,4
651,3,0,9,8,6,0,1368,504,26,1872,4
652,3,0,9,8,10,0,1512,504,30,2016,4
653,3,0,9,8,14,0,1656,504,34,2160,4
654,3,0,9,9,2,0,1368,504,23,1872,4
655,3,0,9,9,6,0,1512,504,27,2016,4
656,3,0,9,9,10,0,1656,504,31,2160,4
657,3,0,9,9,14,0,1800,504,35,2304,4
658,3,0,9,10,2,0,1512,504,24,2016,4
659,3,0,9,10,6,0,1656,504,28,2160,4
660,3,0,9,10,10,0,1800,504,32,2304,4
661,3,0,9,10,14,0,1944,504,36,2448,4
662,3,0,9,11,2,0,1656,504,25,2160,4
663,3,0,9,11,6,0,1800,504,29,2304,4
664,3,0,9,11,10,0,1944,504,33,2448,4
665,3,0,9,12,2,0,1800,504,26,2304,4
666,3,0,9,12,6,0,1944,504,30,2448,4
667,3,0,9,13,2,0,1944,504,27,2448,4
668,3,3,0,7,0,15,1248,480,28,1728,4
669,3,3,0,8,0,6,1248,480,20,1728,4
670,3,3,0,8,0,15,1392,480,29,1872,4
671,3,3,0,9,0,6,1392,480,21,1872,4
672,3,3,0,9,0,15,1536,480,30,2016,4
673,3,3,0,10,0,6,1536,480,22,2016,4
674,3,3,0,10,0,15,1680,480,31,2160,4
675,3,3,0,11,0,6,1680,480,23,2160,4
676,3,3,0,11,0,15,1824,480,32,2304,4
677,3,3,0,12,0,6,1824,480,24,2304,4
678,3,4,5,10,0,0,1440,576,22,2016,4
679,3,4,5,11,0,0,1584,576,23,2160,4
680,3,4,5,12,0,0,1728,576,24,2304,4
681,3,4,5,13,0,0,1872,576,25,2448,4
682,3,4,5,14,0,0,2016,576,26,2592,4
683,3,4,5,15,0,0,2160,576,27,2736,4
684,3,4,5,16,0,0,2304,576,28,2880,4
685,4,0,0,0,27,15,1212,516,46,1728,4
686,4,0,0,0,31,6,1212,516,41,1728,4
687,4,0,0,0,31,15,1356,516,50,1872,4
688,4,0,0,3,15,15,1212,516,37,1728,4
689,4,0,0,4,11,15,1212,516,34,1728,4
690,4,0,0,4,15,6,1212,516,29,1728,4
691,4,0,0,4,15,15,1356,516,38,1872,4
692,4,0,0,5,7,15,1212,516,31,1728,4
693,4,0,0,5,11,6,1212,516,26,1728,4
694,4,0,0,5,11,15,1356,516,35,1872,4
695,4,0,0,5,15,6,1356,516,30,1872,4
696,4,0,0,5,15,15,1500,516,39,2016,4
697,4,0,0,6,3,15,1212,516,28,1728,4
698,4,0,0,6,7,6,1212,516,23,1728,4
699,4,0,0,6,7,15,1356,516,32,1872,4
700,4,0,0,6,11,6,1356,516,27,1872,4
701,4,0,0,6,11,15,1500,516,36,2016,4
702,4,0,0,6,15,6,1500,516,31,2016,4
703,4,0,0,6,15,15,1644,516,40,2160,4
704,4,0,0,7,3,6,1212,516,20,1728,4
705,4,0,0,7,3,15,1356,516,29,1872,4
706,4,0,0,7,7,6,1356,516,24,1872,4
707,4,0,0,7,7,15,1500,516,33,2016,4
708,4,0,0,7,11,6,1500,516,28,2016,4
709,4,0,0,7,11,15,1644,516,37,2160,4
710,4,0,0,7,15,6,1644,516,32,2160,4
711,4,0,0,7,15,15,1788,516,41,2304,4
712,4,0,0,8,3,6,1356,516,21,1872,4
713,4,0,0,8,3,15,1500,516,30,2016,4
714,4,0,0,8,7,6,1500,516,25,2016,4
715,4,0,0,8,7,15,1644,516,34,2160,4
716,4,0,0,8,11,6,1644,516,29,2160,4
717,4,0,0,8,11,15,1788,516,38,2304,4
718,4,0,0,8,15,6,1788,516,33,2304,4
719,4,0,0,8,15,15,1932,516,42,2448,4
720,4,0,0,9,3,6,1500,516,22,2016,4
721,4,0,0,9,3,15,1644,516,31,2160,4
722,4,0,0,9,7,6,1644,516,26,2160,4
723,4,0,0,9,7,15,1788,516,35,2304,4
724,4,0,0,9,11,6,1788,516,30,2304,4
725,4,0,0,9,11,15,1932,516,39,2448,4
726,4,0,0,9,15,6,1932,516,34,2448,4
727,4,0,0,10,3,6,1644,516,23,2160,4
728,4,0,0,10,3,15,1788,516,32,2304,4
729,4,0,0,10,7,6,1788,516,27,2304,4
730,4,0,0,10,7,15,1932,516,36,2448,4
731,4,0,0,10,11,6,1932,516,31,2448,4
732,4,0,0,11,3,6,1788,516,24,2304,4
733,4,0,0,11,3,15,1932,516,33,2448,4
734,4,0,0,11,7,6,1932,516,28,2448,4
735,4,0,0,12,3,6,1932,516,25,2448,4
736,4,0,12,10,0,12,1632,672,38,2304,4
737,4,0,12,11,0,3,1632,672,30,2304,4
738,4,0,12,11,0,12,1776,672,39,2448,4
739,4,0,12,12,0,3,1776,672,31,2448,4
740,4,0,12,12,0,12,1920,672,40,2592,4
741,4,0,12,13,0,3,1920,672,32,2592,4
742,4,0,12,13,0,12,2064,672,41,2736,4
743,4,0,12,14,0,3,2064,672,33,2736,4
744,4,0,12,14,0,12,2208,672,42,2880,4
745,4,0,12,15,0,3,2208,672,34,2880,4
746,4,0,12,15,0,12,2352,672,43,3024,4
747,4,0,12,16,0,3,2352,672,35,3024,4
748,4,4,0,9,0,14,1520,640,31,2160,4
749,4,4,0,10,0,5,1520,640,23,2160,4
750,4,4,0,10,0,14,1664,640,32,2304,4
751,4,4,0,11,0,5,1664,640,24,2304,4
752,4,4,0,11,0,14,1808,640,33,2448,4
753,4,4,0,12,0,5,1808,640,25,2448,4
754,4,4,0,12,0,14,1952,640,34,2592,4
755,4,4,0,13,0,5,1952,640,26,2592,4
756,4,4,0,13,0,14,2096,640,35,2736,4
757,4,4,0,14,0,5,2096,640,27,2736,4
758,4,4,0,14,0,14,2240,640,36,2880,4
759,4,4,0,15,0,5,2240,640,28,2880,4
760,4,4,0,15,0,14,2384,640,37,3024,4
761,4,4,0,16,0,5,2384,640,29,3024,4
762,5,0,3,8,13,0,1620,684,29,2304,4
763,5,0,3,9,9,0,1620,684,26,2304,4
764,5,0,3,9,13,0,1764,684,30,2448,4
765,5,0,3,10,5,0,1620,684,23,2304,4
766,5,0,3,10,9,0,1764,684,27,2448,4
767,5,0,3,10,13,0,1908,684,31,2592,4
768,5,0,3,11,1,0,1620,684,20,2304,4
769,5,0,3,11,5,0,1764,684,24,2448,4
770,5,0,3,11,9,0,1908,684,28,2592,4
771,5,0,3,11,13,0,2052,684,32,2736,4
772,5,0,3,12,1,0,1764,684,21,2448,4
773,5,0,3,12,5,0,1908,684,25,2592,4
774,5,0,3,12,9,0,2052,684,29,2736,4
775,5,0,3,12,13,0,2196,684,33,2880,4
776,5,0,3,13,1,0,1908,684,22,2592,4
777,5,0,3,13,5,0,2052,684,26,2736,4
778,5,0,3,13,9,0,2196,684,30,2880,4
779,5,0,3,13,13,0,2340,684,34,3024,4
780,5,0,3,14,1,0,2052,684,23,2736,4
781,5,0,3,14,5,0,2196,684,27,2880,4
782,5,0,3,14,9,0,2340,684,31,3024,4
783,5,0,3,15,1,0,2196,684,24,2880,4
784,5,0,3,15,5,0,2340,684,28,3024,4
785,5,0,3,16,1,0,2340,684,25,3024,4
786,5,0,7,12,0,8,1856,736,32,2592,4
787,5,0,7,13,0,8,2000,736,33,2736,4
788,5,0,7,14,0,8,2144,736,34,2880,4
789,5,0,7,15,0,8,2288,736,35,3024,4
790,5,2,1,12,0,0,1728,720,20,2448,4
791,5,2,1,13,0,0,1872,720,21,2592,4
792,5,2,1,14,0,0,2016,720,22,2736,4
793,5,2,1,15,0,0,2160,720,23,2880,4
794,5,2,1,16,0,0,2304,720,24,3024,4
795,5,5,0,12,0,13,1936,800,35,2736,4
796,5,5,0,13,0,4,1936,800,27,2736,4
797,5,5,0,13,0,13,2080,800,36,2880,4
798,5,5,0,14,0,4,2080,800,28,2880,4
799,5,5,0,14,0,13,2224,800,37,3024,4
800,5,5,0,15,0,4,2224,800,29,3024,4
801,6,0,2,12,0,13,1936,800,33,2736,4
802,6,0,2,13,0,4,1936,800,25,2736,4
803,6,0,2,13,0,13,2080,800,34,2880,4
804,6,0,2,14,0,4,2080,800,26,2880,4
805,6,0,2,14,0,13,2224,800,35,3024,4
806,6,0,2,15,0,4,2224,800,27,3024,4
